OrderID,CustomerID,ProductID,OrderDate,Quantity,UnitPrice,StoreCode
23001,14237,228,2026-01-24,5,5249.47,STORE_013
23002,10621,329,2026-01-24,1,955.36,STORE_008
23003,13083,631,2026-01-24,3,8760.89,STORE_012
23004,13823,427,2026-01-24,3,5432.91,STORE_011
23005,14964,348,2026-01-24,4,5826.26,STORE_016
23006,12981,802,2026-01-24,2,9710.78,STORE_024
23007,13538,472,2026-01-24,1,9235.88,STORE_015
23008,14859,460,2026-01-24,1,1358.6,STORE_009
23009,11297,54,2026-01-24,3,7617.49,STORE_011
23010,14359,798,2026-01-24,1,3618.38,STORE_006
23011,11041,544,2026-01-24,1,9048.8,STORE_011
23012,10807,99,2026-01-24,1,664.26,STORE_006
23013,13992,659,2026-01-24,2,4383.35,STORE_011
23014,11565,476,2026-01-24,1,4008.27,STORE_012
23015,14638,258,2026-01-24,5,5436.33,STORE_010
23016,11334,408,2026-01-24,4,5397.04,STORE_025
23017,14110,250,2026-01-24,1,1315.28,STORE_002
23018,13109,292,2026-01-24,2,3402.25,STORE_020
23019,10914,122,2026-01-24,4,6327.4,STORE_015
23020,14240,444,2026-01-24,2,6269.31,STORE_002
23021,12714,384,2026-01-24,3,8231.02,STORE_002
23022,10969,828,2026-01-24,3,9991.24,STORE_025
23023,14477,737,2026-01-24,1,7593.58,STORE_009
23024,12849,418,2026-01-24,3,4359.81,STORE_012
23025,14134,9,2026-01-24,2,3780.81,STORE_022
23026,10024,463,2026-01-24,1,270.76,STORE_017
23027,11934,250,2026-01-24,1,6349.65,STORE_025
23028,10424,596,2026-01-24,1,2194.79,STORE_010
23029,13972,600,2026-01-24,5,2383.8,STORE_014
23030,10904,842,2026-01-24,1,2090.88,STORE_009
23031,13064,354,2026-01-24,3,1654.13,STORE_016
23032,12544,611,2026-01-24,5,6219.59,STORE_022
23033,10738,694,2026-01-24,1,9946.17,STORE_020
23034,10348,221,2026-01-24,2,5492.38,STORE_014
23035,10689,38,2026-01-24,4,7494.78,STORE_025
23036,14364,784,2026-01-24,1,7509.17,STORE_025
23037,13792,490,2026-01-24,4,3256.29,STORE_001
23038,10502,654,2026-01-24,3,5885.37,STORE_003
23039,13060,459,2026-01-24,4,7894.68,STORE_012
23040,10696,247,2026-01-24,2,5722.71,STORE_011
23041,11617,616,2026-01-24,3,864.81,STORE_002
23042,10194,635,2026-01-24,4,7811.73,STORE_007
23043,10087,43,2026-01-24,4,4919.2,STORE_022
23044,14526,662,2026-01-24,1,7361.69,STORE_010
23045,10285,794,2026-01-24,1,2148.16,STORE_024
23046,12344,983,2026-01-24,4,7903.87,STORE_023
23047,13370,362,2026-01-24,3,7876.36,STORE_010
23048,10775,749,2026-01-24,1,8503.55,STORE_017
23049,11654,686,2026-01-24,5,4414.42,STORE_017
23050,10685,503,2026-01-24,2,9343.96,STORE_004
23051,12901,965,2026-01-24,1,8540.96,STORE_002
23052,11708,101,2026-01-24,2,5670.5,STORE_012
23053,14424,693,2026-01-24,3,2767.0,STORE_006
23054,13856,61,2026-01-24,4,6257.94,STORE_015
23055,13299,916,2026-01-24,4,7603.74,STORE_012
23056,10088,428,2026-01-24,4,9048.36,STORE_014
23057,14707,702,2026-01-24,5,5379.87,STORE_015
23058,11134,525,2026-01-24,3,9591.47,STORE_010
23059,14509,307,2026-01-24,5,8327.43,STORE_009
23060,13109,194,2026-01-24,5,2564.75,STORE_016
23061,11441,606,2026-01-24,3,1880.81,STORE_015
23062,10103,491,2026-01-24,2,3614.16,STORE_002
23063,11637,942,2026-01-24,5,1480.35,STORE_007
23064,12736,442,2026-01-24,2,2019.57,STORE_002
23065,10328,539,2026-01-24,3,7030.79,STORE_013
23066,11827,499,2026-01-24,2,7122.91,STORE_010
23067,13439,977,2026-01-24,3,2564.06,STORE_011
23068,13032,963,2026-01-24,1,7258.28,STORE_007
23069,12309,880,2026-01-24,5,6855.68,STORE_023
23070,14737,769,2026-01-24,4,8579.98,STORE_022
23071,11145,963,2026-01-24,3,789.57,STORE_021
23072,10192,61,2026-01-24,3,4243.41,STORE_004
23073,13839,37,2026-01-24,2,724.8,STORE_005
23074,13963,512,2026-01-24,5,208.48,STORE_005
23075,10773,365,2026-01-24,2,5400.77,STORE_023
23076,12635,784,2026-01-24,5,3819.2,STORE_020
23077,13329,359,2026-01-24,4,4281.43,STORE_003
23078,12601,20,2026-01-24,3,9561.79,STORE_011
23079,13666,438,2026-01-24,2,3442.0,STORE_021
23080,12351,737,2026-01-24,5,8439.28,STORE_008
23081,13326,503,2026-01-24,3,2939.84,STORE_023
23082,10793,604,2026-01-24,2,7476.2,STORE_011
23083,13012,346,2026-01-24,4,6697.04,STORE_019
23084,10465,949,2026-01-24,5,6204.5,STORE_015
23085,14324,404,2026-01-24,4,5681.69,STORE_015
23086,12288,360,2026-01-24,2,7419.98,STORE_020
23087,13223,272,2026-01-24,1,4217.95,STORE_007
23088,10667,454,2026-01-24,2,7920.2,STORE_020
23089,14065,602,2026-01-24,1,1323.69,STORE_018
23090,11263,48,2026-01-24,5,9089.66,STORE_007
23091,14337,724,2026-01-24,3,8327.47,STORE_025
23092,10971,102,2026-01-24,1,7393.19,STORE_023
23093,13036,774,2026-01-24,1,6165.18,STORE_008
23094,14496,781,2026-01-24,3,3623.29,STORE_023
23095,13082,21,2026-01-24,4,4603.47,STORE_025
23096,11877,169,2026-01-24,3,9339.16,STORE_003
23097,14532,66,2026-01-24,3,2543.31,STORE_018
23098,14894,266,2026-01-24,1,3397.0,STORE_003
23099,13180,160,2026-01-24,5,5470.92,STORE_005
23100,14535,146,2026-01-24,3,6031.56,STORE_011
23101,12675,954,2026-01-24,5,6687.38,STORE_016
23102,13237,371,2026-01-24,4,9789.04,STORE_022
23103,10361,723,2026-01-24,4,7883.46,STORE_004
23104,12012,430,2026-01-24,4,6746.0,STORE_002
23105,11299,1000,2026-01-24,5,7335.46,STORE_007
23106,13810,507,2026-01-24,4,4743.8,STORE_006
23107,13042,281,2026-01-24,3,9824.29,STORE_007
23108,11943,133,2026-01-24,2,5774.54,STORE_003
23109,12624,144,2026-01-24,3,5626.44,STORE_018
23110,12580,314,2026-01-24,2,4300.27,STORE_025
23111,12341,329,2026-01-24,1,2710.29,STORE_022
23112,10408,560,2026-01-24,1,7626.82,STORE_007
23113,13731,384,2026-01-24,1,3480.71,STORE_002
23114,12516,914,2026-01-24,1,8681.5,STORE_003
23115,13779,19,2026-01-24,2,1054.54,STORE_022
23116,12748,703,2026-01-24,4,3657.86,STORE_011
23117,12943,488,2026-01-24,1,5545.91,STORE_008
23118,11003,503,2026-01-24,5,6701.76,STORE_017
23119,11260,63,2026-01-24,1,8676.52,STORE_014
23120,14362,67,2026-01-24,3,5278.21,STORE_008
23121,13387,224,2026-01-24,4,7958.75,STORE_024
23122,12227,939,2026-01-24,3,1608.99,STORE_007
23123,12355,171,2026-01-24,3,8255.66,STORE_005
23124,11633,658,2026-01-24,4,5598.45,STORE_007
23125,10640,741,2026-01-24,3,8515.96,STORE_024
23126,10500,303,2026-01-24,5,5215.73,STORE_025
23127,13061,225,2026-01-24,3,4504.19,STORE_006
23128,10540,53,2026-01-24,3,5978.55,STORE_006
23129,13177,175,2026-01-24,1,1171.78,STORE_008
23130,12007,80,2026-01-24,5,8334.71,STORE_007
23131,14551,554,2026-01-24,2,5571.76,STORE_003
23132,12446,955,2026-01-24,3,2515.96,STORE_006
23133,12569,671,2026-01-24,4,6473.0,STORE_025
23134,13663,207,2026-01-24,3,4098.37,STORE_007
23135,12072,131,2026-01-24,1,9805.71,STORE_007
23136,10395,857,2026-01-24,3,5155.39,STORE_017
23137,13774,25,2026-01-24,2,8319.17,STORE_025
23138,11187,118,2026-01-24,1,1770.18,STORE_025
23139,11349,365,2026-01-24,2,2250.18,STORE_024
23140,10065,640,2026-01-24,1,972.15,STORE_013
23141,13048,275,2026-01-24,1,948.77,STORE_001
23142,14155,929,2026-01-24,3,2658.4,STORE_003
23143,12009,290,2026-01-24,4,6362.02,STORE_002
23144,12735,352,2026-01-24,2,2943.21,STORE_024
23145,14809,521,2026-01-24,4,1716.78,STORE_019
23146,12218,200,2026-01-24,2,5364.76,STORE_003
23147,11736,133,2026-01-24,4,7796.52,STORE_007
23148,13067,943,2026-01-24,2,4559.59,STORE_008
23149,11830,82,2026-01-24,2,2371.86,STORE_018
23150,10367,302,2026-01-24,3,5920.61,STORE_011
23151,14858,125,2026-01-24,3,8178.81,STORE_024
23152,10379,217,2026-01-24,5,7952.88,STORE_018
23153,11580,542,2026-01-24,4,5025.78,STORE_014
23154,10493,683,2026-01-24,3,7152.05,STORE_016
23155,13318,392,2026-01-24,1,1657.49,STORE_015
23156,11243,191,2026-01-24,1,8509.42,STORE_010
23157,11418,890,2026-01-24,5,9408.51,STORE_014
23158,12945,568,2026-01-24,5,5052.82,STORE_005
23159,12307,408,2026-01-24,3,4759.77,STORE_009
23160,14682,328,2026-01-24,1,8286.09,STORE_018
23161,14155,192,2026-01-24,3,9692.07,STORE_010
23162,10187,826,2026-01-24,1,5321.57,STORE_024
23163,14989,877,2026-01-24,3,4867.47,STORE_015
23164,14444,20,2026-01-24,4,8250.91,STORE_022
23165,12913,331,2026-01-24,2,5800.55,STORE_015
23166,11914,324,2026-01-24,2,9294.99,STORE_003
23167,12331,16,2026-01-24,1,4765.75,STORE_001
23168,14835,447,2026-01-24,4,5827.85,STORE_017
23169,10572,34,2026-01-24,3,2018.21,STORE_013
23170,11720,637,2026-01-24,1,5263.3,STORE_002
23171,13377,729,2026-01-24,5,2110.35,STORE_005
23172,12850,648,2026-01-24,5,4666.04,STORE_010
23173,13238,816,2026-01-24,4,4381.9,STORE_005
23174,11403,841,2026-01-24,2,431.53,STORE_019
23175,11583,59,2026-01-24,5,4700.12,STORE_001
23176,14667,452,2026-01-24,4,1677.12,STORE_022
23177,10335,373,2026-01-24,3,1881.29,STORE_019
23178,13494,848,2026-01-24,4,6452.64,STORE_025
23179,13099,923,2026-01-24,2,9832.92,STORE_007
23180,12048,605,2026-01-24,5,9773.42,STORE_002
23181,12808,922,2026-01-24,1,5489.84,STORE_004
23182,12600,957,2026-01-24,5,3656.52,STORE_005
23183,11727,860,2026-01-24,5,3425.88,STORE_006
23184,10789,629,2026-01-24,3,4466.41,STORE_016
23185,12601,59,2026-01-24,2,8987.81,STORE_007
23186,10181,916,2026-01-24,3,3888.15,STORE_009
23187,14258,979,2026-01-24,2,8305.88,STORE_012
23188,13314,901,2026-01-24,2,6671.92,STORE_009
23189,14410,582,2026-01-24,2,1347.27,STORE_007
23190,10083,302,2026-01-24,5,2969.93,STORE_007
23191,13420,702,2026-01-24,4,6382.93,STORE_020
23192,13710,115,2026-01-24,4,7760.17,STORE_024
23193,13049,598,2026-01-24,3,4770.67,STORE_005
23194,12346,295,2026-01-24,5,6814.11,STORE_005
23195,13188,637,2026-01-24,4,3529.32,STORE_003
23196,14087,387,2026-01-24,5,6054.49,STORE_002
23197,10678,728,2026-01-24,2,8769.86,STORE_020
23198,12465,919,2026-01-24,3,8036.01,STORE_005
23199,12034,229,2026-01-24,3,3347.03,STORE_016
23200,11021,411,2026-01-24,5,4251.04,STORE_013
23201,12563,953,2026-01-24,4,419.31,STORE_024
23202,11067,410,2026-01-24,5,110.07,STORE_007
23203,14105,810,2026-01-24,3,3017.67,STORE_005
23204,10752,44,2026-01-24,4,6415.51,STORE_023
23205,12009,917,2026-01-24,2,6561.6,STORE_020
23206,13093,114,2026-01-24,2,5226.2,STORE_010
23207,10189,945,2026-01-24,1,2199.41,STORE_016
23208,10374,976,2026-01-24,2,5535.15,STORE_003
23209,12562,779,2026-01-24,1,9666.98,STORE_022
23210,14498,958,2026-01-24,1,7407.35,STORE_017
23211,10339,839,2026-01-24,1,722.09,STORE_024
23212,12297,670,2026-01-24,5,7025.96,STORE_013
23213,13761,633,2026-01-24,3,5486.21,STORE_020
23214,11867,560,2026-01-24,2,5271.16,STORE_007
23215,13196,183,2026-01-24,3,8727.88,STORE_010
23216,11851,156,2026-01-24,1,9512.49,STORE_001
23217,11806,593,2026-01-24,2,4118.63,STORE_009
23218,12515,530,2026-01-24,5,7809.68,STORE_002
23219,14329,989,2026-01-24,1,3399.61,STORE_017
23220,10242,582,2026-01-24,4,8715.67,STORE_013
23221,13393,957,2026-01-24,5,9430.02,STORE_012
23222,11059,880,2026-01-24,1,320.4,STORE_007
23223,10036,465,2026-01-24,1,429.42,STORE_024
23224,13776,90,2026-01-24,3,9993.58,STORE_019
23225,14398,115,2026-01-24,2,1660.65,STORE_004
23226,13900,545,2026-01-24,5,3491.26,STORE_011
23227,14677,419,2026-01-24,2,860.97,STORE_001
23228,13340,17,2026-01-24,5,1336.79,STORE_017
23229,14764,391,2026-01-24,3,9995.17,STORE_014
23230,13626,481,2026-01-24,3,5706.86,STORE_025
23231,13655,601,2026-01-24,4,1443.44,STORE_012
23232,14357,782,2026-01-24,1,1926.9,STORE_021
23233,10350,282,2026-01-24,3,2564.14,STORE_009
23234,10589,682,2026-01-24,3,3116.34,STORE_017
23235,13728,84,2026-01-24,5,7682.74,STORE_006
23236,10248,509,2026-01-24,3,6440.92,STORE_017
23237,10134,967,2026-01-24,2,8376.53,STORE_017
23238,14896,266,2026-01-24,4,7104.94,STORE_014
23239,10147,155,2026-01-24,2,6776.62,STORE_022
23240,14149,115,2026-01-24,5,6875.72,STORE_020
23241,12103,257,2026-01-24,3,507.25,STORE_015
23242,14918,364,2026-01-24,2,2585.03,STORE_019
23243,12263,948,2026-01-24,1,8403.98,STORE_010
23244,12154,10,2026-01-24,5,6837.11,STORE_006
23245,12847,814,2026-01-24,2,4527.42,STORE_025
23246,14484,582,2026-01-24,1,6880.35,STORE_009
23247,10487,952,2026-01-24,2,234.72,STORE_010
23248,10107,932,2026-01-24,4,9554.91,STORE_002
23249,11055,991,2026-01-24,3,5126.96,STORE_005
23250,13803,395,2026-01-24,1,4575.48,STORE_016
23251,11127,619,2026-01-24,3,7455.62,STORE_002
23252,10136,614,2026-01-24,5,822.27,STORE_010
23253,14617,159,2026-01-24,2,2681.27,STORE_025
23254,10549,775,2026-01-24,5,2792.55,STORE_004
23255,10368,97,2026-01-24,3,8895.52,STORE_024
23256,13808,4,2026-01-24,5,2090.0,STORE_016
23257,14289,136,2026-01-24,5,8147.56,STORE_017
23258,10731,490,2026-01-24,4,5898.21,STORE_018
23259,12479,883,2026-01-24,5,8223.95,STORE_005
23260,13145,838,2026-01-24,3,8812.68,STORE_005
23261,13739,717,2026-01-24,4,2329.94,STORE_015
23262,12266,827,2026-01-24,4,4224.02,STORE_011
23263,12664,444,2026-01-24,2,5446.67,STORE_025
23264,11219,290,2026-01-24,4,8483.42,STORE_002
23265,10598,95,2026-01-24,3,1298.36,STORE_006
23266,14967,562,2026-01-24,5,1732.62,STORE_009
23267,11844,667,2026-01-24,1,7241.01,STORE_019
23268,10921,724,2026-01-24,2,356.74,STORE_023
23269,11823,295,2026-01-24,5,723.02,STORE_010
23270,11754,899,2026-01-24,3,1084.1,STORE_020
23271,13208,663,2026-01-24,4,7190.07,STORE_016
23272,10761,745,2026-01-24,2,554.51,STORE_016
23273,12914,750,2026-01-24,4,1509.78,STORE_005
23274,11012,419,2026-01-24,3,7270.15,STORE_020
23275,12052,30,2026-01-24,2,5169.22,STORE_003
23276,14526,794,2026-01-24,3,4445.31,STORE_024
23277,10473,868,2026-01-24,1,4772.11,STORE_009
23278,10606,783,2026-01-24,4,3134.85,STORE_002
23279,12377,394,2026-01-24,4,9644.58,STORE_002
23280,12597,303,2026-01-24,3,9534.18,STORE_009
23281,13995,892,2026-01-24,4,8471.38,STORE_012
23282,12851,271,2026-01-24,3,4815.26,STORE_006
23283,11392,260,2026-01-24,5,3030.53,STORE_018
23284,14939,819,2026-01-24,3,2186.42,STORE_001
23285,13694,192,2026-01-24,4,3619.87,STORE_021
23286,13200,145,2026-01-24,4,7178.54,STORE_011
23287,11691,349,2026-01-24,5,1573.94,STORE_024
23288,10201,643,2026-01-24,2,3974.89,STORE_018
23289,10151,711,2026-01-24,3,4727.92,STORE_004
23290,12947,535,2026-01-24,2,413.69,STORE_003
23291,13490,907,2026-01-24,5,1866.54,STORE_011
23292,14214,837,2026-01-24,2,9404.76,STORE_022
23293,13983,963,2026-01-24,5,1034.48,STORE_017
23294,13194,398,2026-01-24,3,8034.23,STORE_003
23295,10342,752,2026-01-24,2,4417.51,STORE_024
23296,12319,323,2026-01-24,2,4322.16,STORE_015
23297,12286,279,2026-01-24,1,9106.97,STORE_019
23298,13225,625,2026-01-24,3,7420.32,STORE_016
23299,10560,991,2026-01-24,2,951.35,STORE_012
23300,11153,815,2026-01-24,5,9181.77,STORE_003
23301,10207,70,2026-01-24,5,1884.75,STORE_018
23302,13685,222,2026-01-24,2,7165.86,STORE_020
23303,12250,557,2026-01-24,5,6207.02,STORE_023
23304,13308,744,2026-01-24,1,6325.31,STORE_003
23305,12773,557,2026-01-24,1,5829.54,STORE_010
23306,10413,654,2026-01-24,3,4991.1,STORE_011
23307,14918,699,2026-01-24,4,6857.62,STORE_002
23308,11964,407,2026-01-24,1,6589.41,STORE_023
23309,10753,445,2026-01-24,2,784.85,STORE_009
23310,13455,729,2026-01-24,1,8093.14,STORE_011
23311,10590,760,2026-01-24,1,9420.63,STORE_005
23312,10666,755,2026-01-24,3,6195.94,STORE_025
23313,10698,295,2026-01-24,5,2567.29,STORE_006
23314,11998,866,2026-01-24,5,4903.24,STORE_003
23315,10433,615,2026-01-24,1,2141.39,STORE_016
23316,11545,408,2026-01-24,5,5840.33,STORE_018
23317,10399,6,2026-01-24,1,5394.74,STORE_005
23318,14480,507,2026-01-24,4,1598.44,STORE_001
23319,14443,621,2026-01-24,2,2256.52,STORE_015
23320,14190,838,2026-01-24,3,9958.17,STORE_001
23321,11777,26,2026-01-24,5,3618.13,STORE_010
23322,10140,264,2026-01-24,2,9356.08,STORE_006
23323,10863,4,2026-01-24,5,7354.87,STORE_006
23324,14548,8,2026-01-24,4,7367.6,STORE_013
23325,13720,6,2026-01-24,1,335.11,STORE_009
23326,13522,852,2026-01-24,5,3114.78,STORE_012
23327,12494,914,2026-01-24,1,378.23,STORE_002
23328,11166,384,2026-01-24,3,6622.27,STORE_017
23329,10380,632,2026-01-24,3,6697.97,STORE_018
23330,13091,357,2026-01-24,4,5068.75,STORE_022
23331,10279,836,2026-01-24,3,5329.37,STORE_015
23332,14436,911,2026-01-24,3,1703.86,STORE_022
23333,14379,495,2026-01-24,1,627.21,STORE_008
23334,13349,7,2026-01-24,5,4061.75,STORE_006
23335,14956,239,2026-01-24,1,7729.78,STORE_012
23336,12808,617,2026-01-24,2,9033.75,STORE_005
23337,10725,461,2026-01-24,1,9715.95,STORE_012
23338,11311,948,2026-01-24,2,1391.12,STORE_006
23339,13052,491,2026-01-24,1,7483.86,STORE_005
23340,13770,950,2026-01-24,3,9254.65,STORE_005
23341,11421,558,2026-01-24,2,3621.11,STORE_002
23342,11527,794,2026-01-24,5,2679.99,STORE_021
23343,10332,239,2026-01-24,1,743.59,STORE_001
23344,13911,68,2026-01-24,3,7004.14,STORE_015
23345,13963,738,2026-01-24,2,756.61,STORE_019
23346,14477,983,2026-01-24,4,5017.3,STORE_012
23347,14646,17,2026-01-24,4,5992.52,STORE_022
23348,13581,358,2026-01-24,4,2757.78,STORE_001
23349,11755,887,2026-01-24,2,2397.4,STORE_003
23350,10673,670,2026-01-24,3,3254.9,STORE_002
23351,13632,159,2026-01-24,1,3225.28,STORE_002
23352,11658,211,2026-01-24,3,4449.62,STORE_014
23353,14282,752,2026-01-24,4,688.82,STORE_016
23354,14299,28,2026-01-24,2,4771.42,STORE_004
23355,13850,198,2026-01-24,3,3684.36,STORE_014
23356,14649,813,2026-01-24,4,5788.08,STORE_019
23357,14831,555,2026-01-24,4,6457.97,STORE_007
23358,14934,655,2026-01-24,2,8333.07,STORE_012
23359,10425,49,2026-01-24,4,842.04,STORE_001
23360,10272,909,2026-01-24,3,6551.82,STORE_005
23361,13477,852,2026-01-24,1,8391.0,STORE_014
23362,13919,973,2026-01-24,3,7645.92,STORE_012
23363,13055,937,2026-01-24,5,3642.37,STORE_019
23364,12691,334,2026-01-24,4,9527.76,STORE_011
23365,11479,324,2026-01-24,1,786.04,STORE_025
23366,14903,364,2026-01-24,4,6406.92,STORE_012
23367,14173,677,2026-01-24,1,6700.3,STORE_008
23368,13501,431,2026-01-24,2,4972.38,STORE_019
23369,14082,788,2026-01-24,5,1917.51,STORE_003
23370,14127,270,2026-01-24,3,3051.41,STORE_018
23371,10099,356,2026-01-24,4,8831.89,STORE_015
23372,13602,662,2026-01-24,3,490.89,STORE_011
23373,11935,571,2026-01-24,2,9058.51,STORE_011
23374,14440,483,2026-01-24,4,7277.7,STORE_011
23375,12442,773,2026-01-24,1,8059.36,STORE_001
23376,14710,436,2026-01-24,4,3126.49,STORE_009
23377,13968,392,2026-01-24,4,7200.36,STORE_024
23378,13529,818,2026-01-24,3,4318.76,STORE_009
23379,10599,398,2026-01-24,2,7061.32,STORE_012
23380,14323,232,2026-01-24,3,4238.98,STORE_011
23381,13249,180,2026-01-24,2,5770.88,STORE_016
23382,13360,360,2026-01-24,2,3543.28,STORE_025
23383,13922,625,2026-01-24,5,8916.24,STORE_007
23384,13612,111,2026-01-24,2,8523.92,STORE_018
23385,12679,842,2026-01-24,4,9579.32,STORE_017
23386,14189,927,2026-01-24,1,9727.95,STORE_010
23387,12102,807,2026-01-24,4,8698.86,STORE_013
23388,13962,628,2026-01-24,3,7610.6,STORE_008
23389,12939,538,2026-01-24,5,7121.4,STORE_010
23390,12672,81,2026-01-24,5,1533.55,STORE_002
23391,10864,922,2026-01-24,1,8549.82,STORE_012
23392,11288,184,2026-01-24,1,650.25,STORE_001
23393,14085,541,2026-01-24,4,9405.66,STORE_021
23394,11264,262,2026-01-24,2,5529.01,STORE_023
23395,12676,710,2026-01-24,2,6314.57,STORE_017
23396,13448,512,2026-01-24,3,4401.3,STORE_012
23397,14575,523,2026-01-24,2,3156.12,STORE_017
23398,11085,79,2026-01-24,1,3401.85,STORE_006
23399,14068,437,2026-01-24,3,1625.06,STORE_014
23400,14547,585,2026-01-24,1,5989.57,STORE_009
23401,11049,326,2026-01-24,2,426.56,STORE_009
23402,13282,590,2026-01-24,5,6098.9,STORE_009
23403,11854,354,2026-01-24,3,3061.69,STORE_019
23404,10338,949,2026-01-24,4,2531.57,STORE_003
23405,11421,537,2026-01-24,3,9480.79,STORE_016
23406,11124,106,2026-01-24,3,808.86,STORE_010
23407,10874,401,2026-01-24,2,4130.79,STORE_016
23408,10722,127,2026-01-24,4,1163.15,STORE_001
23409,11211,974,2026-01-24,5,1127.34,STORE_025
23410,13940,522,2026-01-24,3,8344.13,STORE_001
23411,12873,448,2026-01-24,2,7507.84,STORE_001
23412,11844,165,2026-01-24,4,1430.1,STORE_013
23413,11865,292,2026-01-24,5,6199.34,STORE_018
23414,13067,976,2026-01-24,4,3238.62,STORE_020
23415,10117,362,2026-01-24,5,9380.34,STORE_016
23416,14475,628,2026-01-24,1,3136.26,STORE_018
23417,12324,988,2026-01-24,2,3714.31,STORE_018
23418,10953,831,2026-01-24,5,8609.74,STORE_011
23419,14565,768,2026-01-24,5,590.53,STORE_005
23420,10704,166,2026-01-24,5,3162.98,STORE_016
23421,14088,171,2026-01-24,5,1997.82,STORE_016
23422,14783,203,2026-01-24,2,4718.08,STORE_017
23423,14644,87,2026-01-24,3,421.93,STORE_002
23424,10002,706,2026-01-24,4,900.24,STORE_021
23425,11367,949,2026-01-24,1,8816.11,STORE_011
23426,11553,475,2026-01-24,1,1090.76,STORE_016
23427,11102,998,2026-01-24,3,7480.53,STORE_007
23428,11864,963,2026-01-24,4,7929.9,STORE_020
23429,12363,567,2026-01-24,3,6006.83,STORE_008
23430,11655,100,2026-01-24,5,9428.31,STORE_024
23431,14979,597,2026-01-24,2,9907.2,STORE_016
23432,11992,23,2026-01-24,5,3266.26,STORE_019
23433,10616,994,2026-01-24,4,3534.66,STORE_013
23434,13099,405,2026-01-24,3,4557.44,STORE_017
23435,11480,182,2026-01-24,4,9795.79,STORE_018
23436,14525,487,2026-01-24,1,3238.45,STORE_015
23437,13029,249,2026-01-24,1,3106.4,STORE_015
23438,14812,542,2026-01-24,1,4416.87,STORE_013
23439,11209,492,2026-01-24,1,467.42,STORE_009
23440,11373,897,2026-01-24,5,3205.59,STORE_019
23441,12971,72,2026-01-24,4,3031.92,STORE_005
23442,10782,483,2026-01-24,5,5985.11,STORE_024
23443,13785,703,2026-01-24,5,4811.27,STORE_012
23444,11796,161,2026-01-24,5,2953.5,STORE_004
23445,14168,740,2026-01-24,5,2161.85,STORE_011
23446,12254,697,2026-01-24,3,529.45,STORE_017
23447,13312,306,2026-01-24,4,8595.95,STORE_011
23448,11783,362,2026-01-24,5,6068.09,STORE_013
23449,11743,144,2026-01-24,4,7272.46,STORE_017
23450,13682,633,2026-01-24,5,4838.83,STORE_009
23451,10896,778,2026-01-24,2,4809.47,STORE_007
23452,10593,495,2026-01-24,1,7833.59,STORE_020
23453,13387,376,2026-01-24,1,447.9,STORE_020
23454,13075,944,2026-01-24,2,1571.66,STORE_009
23455,14835,459,2026-01-24,3,7442.32,STORE_005
23456,13269,356,2026-01-24,4,2724.53,STORE_018
23457,12261,541,2026-01-24,2,5477.26,STORE_025
23458,13606,114,2026-01-24,5,1652.09,STORE_001
23459,14981,806,2026-01-24,5,4931.39,STORE_020
23460,14093,845,2026-01-24,1,7913.53,STORE_022
23461,14765,349,2026-01-24,5,8408.2,STORE_024
23462,13513,44,2026-01-24,1,7845.05,STORE_014
23463,10075,776,2026-01-24,4,9347.13,STORE_008
23464,14938,964,2026-01-24,2,9992.43,STORE_021
23465,13025,578,2026-01-24,3,2046.67,STORE_019
23466,14667,707,2026-01-24,3,7718.9,STORE_008
23467,13102,648,2026-01-24,3,1363.63,STORE_019
23468,13266,708,2026-01-24,5,8593.93,STORE_020
23469,11614,201,2026-01-24,4,1122.13,STORE_017
23470,11919,377,2026-01-24,3,4006.98,STORE_007
23471,14737,65,2026-01-24,5,8241.23,STORE_004
23472,14782,552,2026-01-24,1,2463.01,STORE_014
23473,11502,728,2026-01-24,5,3408.42,STORE_011
23474,13894,40,2026-01-24,3,9910.25,STORE_007
23475,14884,728,2026-01-24,2,6876.37,STORE_011
23476,14891,159,2026-01-24,3,8337.74,STORE_016
23477,11707,367,2026-01-24,4,6813.67,STORE_020
23478,10360,382,2026-01-24,4,9269.23,STORE_015
23479,11073,744,2026-01-24,5,3786.34,STORE_012
23480,13168,942,2026-01-24,3,3862.43,STORE_018
23481,11695,147,2026-01-24,1,9223.91,STORE_015
23482,12257,506,2026-01-24,5,3598.78,STORE_017
23483,14691,825,2026-01-24,4,151.4,STORE_022
23484,10915,395,2026-01-24,3,8649.21,STORE_024
23485,10586,56,2026-01-24,4,759.24,STORE_002
23486,12907,100,2026-01-24,5,3032.16,STORE_003
23487,14279,801,2026-01-24,1,6062.62,STORE_005
23488,14030,797,2026-01-24,3,3112.35,STORE_017
23489,13984,578,2026-01-24,5,7843.92,STORE_020
23490,13260,363,2026-01-24,5,5704.91,STORE_022
23491,11221,207,2026-01-24,5,5798.28,STORE_008
23492,11165,852,2026-01-24,4,750.56,STORE_023
23493,14361,884,2026-01-24,2,6469.26,STORE_012
23494,10914,888,2026-01-24,5,4169.72,STORE_016
23495,11320,603,2026-01-24,4,1547.38,STORE_023
23496,10461,7,2026-01-24,2,2461.88,STORE_014
23497,10564,567,2026-01-24,1,9690.94,STORE_009
23498,12787,867,2026-01-24,5,5625.25,STORE_024
23499,13731,841,2026-01-24,3,8196.04,STORE_014
23500,11440,764,2026-01-24,2,1031.44,STORE_025
23501,10404,698,2026-01-24,4,3641.94,STORE_025
23502,11163,533,2026-01-24,1,6002.26,STORE_019
23503,10464,74,2026-01-24,1,567.98,STORE_015
23504,11064,693,2026-01-24,5,6418.55,STORE_012
23505,14900,307,2026-01-24,1,4890.77,STORE_011
23506,14791,197,2026-01-24,4,4930.41,STORE_023
23507,11637,471,2026-01-24,4,7111.81,STORE_013
23508,10489,538,2026-01-24,3,7392.81,STORE_011
23509,14902,99,2026-01-24,2,6597.72,STORE_001
23510,11362,507,2026-01-24,1,5740.11,STORE_024
23511,10837,546,2026-01-24,4,8778.65,STORE_001
23512,14432,705,2026-01-24,2,9024.66,STORE_010
23513,11904,523,2026-01-24,2,3362.06,STORE_014
23514,10582,725,2026-01-24,4,9645.77,STORE_001
23515,10430,592,2026-01-24,5,3362.97,STORE_012
23516,12460,163,2026-01-24,2,6698.65,STORE_023
23517,11563,277,2026-01-24,4,293.43,STORE_022
23518,12583,489,2026-01-24,1,9291.53,STORE_017
23519,10605,843,2026-01-24,3,7200.28,STORE_022
23520,14807,995,2026-01-24,5,3452.21,STORE_004
23521,11098,761,2026-01-24,5,9116.4,STORE_004
23522,13742,594,2026-01-24,3,4870.71,STORE_002
23523,12022,884,2026-01-24,4,4702.67,STORE_010
23524,10060,61,2026-01-24,1,7465.42,STORE_023
23525,13083,225,2026-01-24,4,1195.03,STORE_022
23526,14496,602,2026-01-24,2,2715.1,STORE_009
23527,12297,18,2026-01-24,1,3462.47,STORE_019
23528,11214,617,2026-01-24,1,1543.86,STORE_016
23529,12988,634,2026-01-24,2,351.83,STORE_006
23530,14263,673,2026-01-24,5,8202.5,STORE_001
23531,13300,772,2026-01-24,5,6840.41,STORE_003
23532,14389,369,2026-01-24,4,4590.64,STORE_002
23533,10417,340,2026-01-24,1,8848.26,STORE_008
23534,14288,985,2026-01-24,1,7543.58,STORE_014
23535,13439,798,2026-01-24,5,4471.65,STORE_018
23536,11749,529,2026-01-24,5,4969.4,STORE_001
23537,14879,348,2026-01-24,2,4082.31,STORE_008
23538,14738,898,2026-01-24,2,4066.7,STORE_020
23539,10494,141,2026-01-24,2,3544.6,STORE_002
23540,11361,711,2026-01-24,1,5606.32,STORE_004
23541,11240,340,2026-01-24,2,9414.51,STORE_020
23542,12465,915,2026-01-24,2,6161.46,STORE_007
23543,12364,24,2026-01-24,4,5240.04,STORE_024
23544,11180,953,2026-01-24,2,4381.54,STORE_007
23545,12688,32,2026-01-24,5,5769.64,STORE_023
23546,10821,664,2026-01-24,1,4733.15,STORE_025
23547,10773,349,2026-01-24,2,9950.13,STORE_025
23548,10685,562,2026-01-24,4,6657.49,STORE_004
23549,10745,881,2026-01-24,2,4290.06,STORE_007
23550,12925,504,2026-01-24,3,7781.2,STORE_009
23551,11819,513,2026-01-24,2,1501.4,STORE_008
23552,11910,223,2026-01-24,3,8080.38,STORE_018
23553,13355,470,2026-01-24,4,6955.87,STORE_006
23554,11675,614,2026-01-24,5,2594.51,STORE_005
23555,13716,267,2026-01-24,5,9341.35,STORE_005
23556,14315,241,2026-01-24,2,7273.78,STORE_014
23557,13796,91,2026-01-24,2,2510.17,STORE_024
23558,11415,788,2026-01-24,1,128.2,STORE_021
23559,11578,773,2026-01-24,2,6957.13,STORE_015
23560,11379,848,2026-01-24,5,6317.0,STORE_002
23561,13524,404,2026-01-24,5,9566.1,STORE_001
23562,12154,957,2026-01-24,2,5454.19,STORE_025
23563,12757,721,2026-01-24,3,2891.81,STORE_013
23564,13001,23,2026-01-24,5,3912.95,STORE_015
23565,11288,85,2026-01-24,3,8984.2,STORE_024
23566,14680,538,2026-01-24,3,3120.33,STORE_002
23567,11162,155,2026-01-24,2,7524.34,STORE_012
23568,14659,654,2026-01-24,4,4192.81,STORE_006
23569,10620,822,2026-01-24,3,7052.3,STORE_019
23570,13326,238,2026-01-24,5,5902.06,STORE_010
23571,11809,184,2026-01-24,4,1462.84,STORE_005
23572,11638,359,2026-01-24,3,3878.34,STORE_004
23573,14938,333,2026-01-24,4,961.09,STORE_007
23574,10067,624,2026-01-24,3,7716.74,STORE_010
23575,12661,865,2026-01-24,3,7603.89,STORE_010
23576,11883,464,2026-01-24,1,1020.93,STORE_024
23577,12822,742,2026-01-24,4,4526.61,STORE_024
23578,11383,924,2026-01-24,2,7405.51,STORE_003
23579,12382,217,2026-01-24,1,8032.26,STORE_012
23580,10952,304,2026-01-24,4,1379.47,STORE_006
23581,12405,21,2026-01-24,4,5399.86,STORE_024
23582,14028,404,2026-01-24,5,1615.82,STORE_019
23583,10432,967,2026-01-24,3,5603.07,STORE_015
23584,13781,557,2026-01-24,5,8775.64,STORE_007
23585,11378,407,2026-01-24,2,6063.9,STORE_012
23586,13820,691,2026-01-24,2,171.3,STORE_007
23587,11364,803,2026-01-24,2,5311.57,STORE_007
23588,11732,571,2026-01-24,3,4070.74,STORE_003
23589,11720,619,2026-01-24,5,3067.78,STORE_025
23590,11626,348,2026-01-24,1,9822.87,STORE_021
23591,13247,578,2026-01-24,4,2931.26,STORE_024
23592,14689,992,2026-01-24,5,772.46,STORE_019
23593,14584,359,2026-01-24,3,948.7,STORE_016
23594,12948,218,2026-01-24,4,2120.18,STORE_016
23595,12560,370,2026-01-24,5,5406.9,STORE_019
23596,13081,96,2026-01-24,5,5021.13,STORE_002
23597,10135,506,2026-01-24,4,7380.16,STORE_001
23598,13207,663,2026-01-24,3,2281.28,STORE_009
23599,11670,288,2026-01-24,2,8987.61,STORE_014
23600,12454,349,2026-01-24,1,7207.35,STORE_003
23601,12578,223,2026-01-24,1,3552.07,STORE_008
23602,11152,369,2026-01-24,2,3270.37,STORE_010
23603,12240,72,2026-01-24,3,6091.36,STORE_023
23604,12402,24,2026-01-24,4,4894.34,STORE_015
23605,10436,613,2026-01-24,3,3255.88,STORE_005
23606,11061,62,2026-01-24,2,4398.49,STORE_010
23607,11362,3,2026-01-24,5,1001.87,STORE_017
23608,10572,667,2026-01-24,4,8948.89,STORE_020
23609,11717,579,2026-01-24,2,6434.33,STORE_004
23610,13294,451,2026-01-24,1,3879.0,STORE_001
23611,12669,388,2026-01-24,1,480.46,STORE_005
23612,11235,172,2026-01-24,3,7359.86,STORE_021
23613,11674,625,2026-01-24,1,5868.19,STORE_006
23614,13488,854,2026-01-24,3,2445.1,STORE_007
23615,10727,900,2026-01-24,2,2984.39,STORE_015
23616,10344,464,2026-01-24,2,1495.32,STORE_009
23617,14236,958,2026-01-24,2,9094.47,STORE_025
23618,11947,682,2026-01-24,3,4418.24,STORE_006
23619,12459,81,2026-01-24,5,4853.21,STORE_023
23620,10130,406,2026-01-24,4,4991.85,STORE_025
23621,13940,770,2026-01-24,1,8470.37,STORE_020
23622,10865,377,2026-01-24,5,851.21,STORE_014
23623,12584,433,2026-01-24,2,8225.45,STORE_003
23624,10569,826,2026-01-24,3,957.94,STORE_012
23625,14405,620,2026-01-24,5,3937.74,STORE_025
23626,14859,349,2026-01-24,5,796.07,STORE_018
23627,11341,871,2026-01-24,4,2300.07,STORE_022
23628,12459,585,2026-01-24,4,222.93,STORE_005
23629,11027,119,2026-01-24,1,8001.32,STORE_015
23630,10648,686,2026-01-24,2,3911.94,STORE_012
23631,13899,371,2026-01-24,4,1806.52,STORE_018
23632,10596,392,2026-01-24,5,8504.36,STORE_022
23633,14136,925,2026-01-24,1,2525.35,STORE_013
23634,13912,407,2026-01-24,5,3110.56,STORE_023
23635,12805,676,2026-01-24,4,5809.43,STORE_019
23636,14803,499,2026-01-24,4,6518.78,STORE_010
23637,14085,217,2026-01-24,5,3720.29,STORE_017
23638,12460,424,2026-01-24,4,3877.39,STORE_015
23639,12990,704,2026-01-24,1,7045.28,STORE_010
23640,12963,233,2026-01-24,5,8291.83,STORE_017
23641,12655,661,2026-01-24,2,3735.7,STORE_022
23642,12201,396,2026-01-24,3,9512.53,STORE_012
23643,13455,190,2026-01-24,5,6566.07,STORE_023
23644,10038,446,2026-01-24,3,9774.69,STORE_020
23645,14348,831,2026-01-24,3,6893.3,STORE_009
23646,10897,198,2026-01-24,5,7343.21,STORE_019
23647,12204,853,2026-01-24,5,9046.25,STORE_010
23648,13469,500,2026-01-24,4,909.89,STORE_005
23649,13254,258,2026-01-24,4,2853.45,STORE_017
23650,10696,452,2026-01-24,4,4655.29,STORE_020
23651,13129,121,2026-01-24,2,2651.63,STORE_022
23652,11851,896,2026-01-24,2,5810.27,STORE_025
23653,13763,394,2026-01-24,3,4429.78,STORE_022
23654,13075,45,2026-01-24,2,7203.47,STORE_014
23655,10771,905,2026-01-24,2,6404.63,STORE_020
23656,14181,900,2026-01-24,3,6645.53,STORE_018
23657,12947,398,2026-01-24,4,200.21,STORE_012
23658,12085,251,2026-01-24,3,8931.95,STORE_013
23659,14899,219,2026-01-24,1,4696.68,STORE_002
23660,13829,219,2026-01-24,4,2213.98,STORE_022
23661,10720,260,2026-01-24,3,2509.9,STORE_019
23662,10978,342,2026-01-24,1,506.73,STORE_015
23663,12079,9,2026-01-24,1,8517.94,STORE_010
23664,11644,212,2026-01-24,5,2479.06,STORE_014
23665,11619,628,2026-01-24,5,2505.76,STORE_018
23666,12318,506,2026-01-24,3,8564.93,STORE_023
23667,10749,861,2026-01-24,4,475.95,STORE_008
23668,10212,920,2026-01-24,3,798.24,STORE_006
23669,13974,431,2026-01-24,3,4272.46,STORE_006
23670,11713,451,2026-01-24,5,4005.7,STORE_012
23671,10516,954,2026-01-24,4,5635.84,STORE_022
23672,12209,81,2026-01-24,3,1303.02,STORE_004
23673,13759,595,2026-01-24,2,4018.59,STORE_013
23674,10368,274,2026-01-24,1,2449.13,STORE_014
23675,14331,765,2026-01-24,4,6345.41,STORE_024
23676,11233,548,2026-01-24,5,9991.27,STORE_018
23677,12308,259,2026-01-24,3,6403.86,STORE_021
23678,11977,991,2026-01-24,5,4631.21,STORE_015
23679,12308,592,2026-01-24,5,1809.43,STORE_017
23680,14806,143,2026-01-24,1,290.8,STORE_017
23681,11263,354,2026-01-24,3,6383.35,STORE_001
23682,10507,690,2026-01-24,4,7117.08,STORE_006
23683,13561,160,2026-01-24,5,8971.39,STORE_020
23684,12223,623,2026-01-24,5,663.06,STORE_010
23685,12332,727,2026-01-24,5,391.01,STORE_018
23686,10649,605,2026-01-24,2,7874.67,STORE_015
23687,10811,445,2026-01-24,2,9815.28,STORE_007
23688,12589,223,2026-01-24,5,5678.28,STORE_013
23689,10387,315,2026-01-24,3,6857.75,STORE_016
23690,13015,564,2026-01-24,1,3927.35,STORE_016
23691,11661,296,2026-01-24,4,7389.89,STORE_008
23692,13335,60,2026-01-24,4,3504.06,STORE_007
23693,13239,328,2026-01-24,3,7460.46,STORE_016
23694,13077,315,2026-01-24,5,8662.05,STORE_025
23695,11153,735,2026-01-24,3,8716.73,STORE_009
23696,14403,715,2026-01-24,4,8271.42,STORE_005
23697,10247,230,2026-01-24,4,1756.64,STORE_014
23698,12178,556,2026-01-24,5,8346.84,STORE_021
23699,14746,313,2026-01-24,3,6606.74,STORE_006
23700,14315,616,2026-01-24,1,4808.78,STORE_015
23701,14136,650,2026-01-24,5,2135.3,STORE_023
23702,11901,500,2026-01-24,4,416.31,STORE_002
23703,14543,522,2026-01-24,2,8528.0,STORE_007
23704,13420,779,2026-01-24,4,6039.77,STORE_015
23705,11579,677,2026-01-24,5,9317.75,STORE_003
23706,14114,69,2026-01-24,4,8515.23,STORE_020
23707,14439,834,2026-01-24,4,7468.43,STORE_019
23708,12261,752,2026-01-24,3,8057.9,STORE_002
23709,12637,504,2026-01-24,3,6870.76,STORE_006
23710,10201,553,2026-01-24,2,4930.85,STORE_015
23711,13542,434,2026-01-24,1,9864.75,STORE_020
23712,14742,733,2026-01-24,3,3596.07,STORE_023
23713,12214,953,2026-01-24,1,9658.59,STORE_011
23714,12582,922,2026-01-24,3,2116.71,STORE_006
23715,14667,306,2026-01-24,1,3531.6,STORE_017
23716,12108,147,2026-01-24,5,4452.69,STORE_006
23717,10583,725,2026-01-24,3,8144.93,STORE_002
23718,13663,9,2026-01-24,1,3629.89,STORE_016
23719,11822,347,2026-01-24,2,3402.99,STORE_007
23720,11813,773,2026-01-24,4,2853.3,STORE_002
23721,13636,999,2026-01-24,1,6130.63,STORE_012
23722,10791,438,2026-01-24,1,2916.92,STORE_010
23723,14489,777,2026-01-24,1,5300.19,STORE_017
23724,10748,306,2026-01-24,4,3613.42,STORE_017
23725,11651,703,2026-01-24,1,4388.04,STORE_021
23726,14083,34,2026-01-24,2,3339.2,STORE_022
23727,11526,357,2026-01-24,4,9064.01,STORE_024
23728,10224,896,2026-01-24,3,2752.53,STORE_012
23729,10408,735,2026-01-24,2,9245.56,STORE_021
23730,13443,429,2026-01-24,4,380.38,STORE_025
23731,11284,175,2026-01-24,2,257.18,STORE_008
23732,14823,69,2026-01-24,3,1604.95,STORE_006
23733,12037,360,2026-01-24,2,3689.02,STORE_016
23734,13684,279,2026-01-24,2,6997.12,STORE_016
23735,12647,436,2026-01-24,5,1656.31,STORE_015
23736,14224,669,2026-01-24,4,4406.06,STORE_012
23737,10549,848,2026-01-24,1,9780.58,STORE_003
23738,13113,335,2026-01-24,1,5633.54,STORE_009
23739,11259,899,2026-01-24,4,1799.94,STORE_023
23740,13155,290,2026-01-24,4,6122.04,STORE_014
23741,11602,847,2026-01-24,1,7623.49,STORE_011
23742,10875,704,2026-01-24,4,6561.08,STORE_023
23743,11914,312,2026-01-24,4,588.89,STORE_016
23744,11469,231,2026-01-24,4,8951.51,STORE_001
23745,13788,660,2026-01-24,4,8746.57,STORE_002
23746,11592,810,2026-01-24,1,4995.38,STORE_003
23747,13082,492,2026-01-24,5,8374.41,STORE_006
23748,12278,197,2026-01-24,1,2220.28,STORE_020
23749,13031,759,2026-01-24,5,9218.39,STORE_001
23750,12998,597,2026-01-24,4,3854.92,STORE_023
23751,13864,979,2026-01-24,1,1912.35,STORE_024
23752,10145,643,2026-01-24,5,9900.03,STORE_010
23753,11314,414,2026-01-24,3,5335.22,STORE_018
23754,14828,736,2026-01-24,2,8266.03,STORE_014
23755,14798,823,2026-01-24,1,6685.41,STORE_001
23756,12935,342,2026-01-24,4,5561.68,STORE_007
23757,14302,942,2026-01-24,2,7126.8,STORE_016
23758,14753,588,2026-01-24,5,6291.46,STORE_024
23759,14567,358,2026-01-24,5,370.36,STORE_024
23760,14240,692,2026-01-24,2,782.55,STORE_003
23761,12589,978,2026-01-24,4,8130.7,STORE_013
23762,13132,825,2026-01-24,2,8075.4,STORE_010
23763,11237,701,2026-01-24,5,3744.13,STORE_004
23764,14482,883,2026-01-24,3,8787.49,STORE_014
23765,12059,48,2026-01-24,1,5399.19,STORE_003
23766,13956,68,2026-01-24,5,6978.23,STORE_011
23767,11385,717,2026-01-24,3,1327.42,STORE_007
23768,12573,769,2026-01-24,4,9186.99,STORE_022
23769,10001,572,2026-01-24,5,7615.79,STORE_022
23770,10221,403,2026-01-24,4,6329.99,STORE_022
23771,10020,25,2026-01-24,5,522.23,STORE_019
23772,10799,626,2026-01-24,3,710.43,STORE_011
23773,14141,877,2026-01-24,4,8552.35,STORE_024
23774,13851,277,2026-01-24,2,4248.78,STORE_014
23775,12153,576,2026-01-24,4,4567.07,STORE_024
23776,11911,805,2026-01-24,3,3842.95,STORE_019
23777,13457,98,2026-01-24,3,817.49,STORE_016
23778,10043,960,2026-01-24,2,219.35,STORE_012
23779,11256,527,2026-01-24,3,2238.33,STORE_012
23780,11064,323,2026-01-24,5,2820.81,STORE_018
23781,14753,727,2026-01-24,2,7376.78,STORE_022
23782,14283,479,2026-01-24,5,6711.28,STORE_013
23783,10346,325,2026-01-24,4,7118.44,STORE_002
23784,13747,897,2026-01-24,5,3392.45,STORE_023
23785,10274,275,2026-01-24,4,8825.42,STORE_005
23786,10637,126,2026-01-24,3,326.37,STORE_017
23787,14918,435,2026-01-24,3,6848.8,STORE_006
23788,12674,496,2026-01-24,5,8997.65,STORE_025
23789,13173,581,2026-01-24,3,2339.51,STORE_022
23790,13471,512,2026-01-24,4,9510.86,STORE_003
23791,11150,85,2026-01-24,3,4209.88,STORE_017
23792,12126,701,2026-01-24,2,7313.78,STORE_003
23793,11750,769,2026-01-24,3,2886.39,STORE_008
23794,14586,55,2026-01-24,1,9969.48,STORE_019
23795,12539,668,2026-01-24,1,8492.73,STORE_017
23796,13228,233,2026-01-24,1,3745.62,STORE_004
23797,10849,333,2026-01-24,3,790.65,STORE_012
23798,11614,134,2026-01-24,4,8710.15,STORE_007
23799,13406,659,2026-01-24,3,4562.45,STORE_013
23800,14762,816,2026-01-24,4,8359.67,STORE_014
23801,14245,48,2026-01-24,2,457.62,STORE_018
23802,10640,679,2026-01-24,1,5573.79,STORE_020
23803,10510,494,2026-01-24,5,6381.79,STORE_002
23804,12550,297,2026-01-24,2,4512.75,STORE_010
23805,12360,334,2026-01-24,3,1009.76,STORE_009
23806,10177,199,2026-01-24,4,725.0,STORE_012
23807,11832,729,2026-01-24,5,5970.87,STORE_014
23808,11097,368,2026-01-24,2,8436.06,STORE_025
23809,12570,450,2026-01-24,1,2969.82,STORE_025
23810,12151,868,2026-01-24,1,2919.82,STORE_018
23811,10721,644,2026-01-24,2,9875.91,STORE_003
23812,13880,661,2026-01-24,4,5444.03,STORE_025
23813,14066,986,2026-01-24,4,2984.26,STORE_012
23814,14011,766,2026-01-24,2,6609.37,STORE_020
23815,14985,152,2026-01-24,1,7372.46,STORE_022
23816,13524,52,2026-01-24,2,6412.96,STORE_020
23817,10306,185,2026-01-24,2,6133.87,STORE_024
23818,12313,835,2026-01-24,3,4254.19,STORE_001
23819,14477,974,2026-01-24,4,1948.27,STORE_018
23820,14559,114,2026-01-24,4,3231.92,STORE_001
23821,14421,238,2026-01-24,4,7803.95,STORE_014
23822,10728,677,2026-01-24,5,6617.55,STORE_020
23823,10060,709,2026-01-24,2,1814.28,STORE_002
23824,11871,181,2026-01-24,5,5941.21,STORE_014
23825,14645,412,2026-01-24,2,6696.45,STORE_022
23826,11375,53,2026-01-24,4,693.48,STORE_003
23827,14965,244,2026-01-24,1,7627.53,STORE_013
23828,10039,318,2026-01-24,1,1453.92,STORE_002
23829,14404,941,2026-01-24,5,3757.97,STORE_025
23830,11720,956,2026-01-24,3,7477.66,STORE_012
23831,11060,710,2026-01-24,3,9516.58,STORE_011
23832,10812,608,2026-01-24,4,2946.89,STORE_016
23833,12094,729,2026-01-24,2,2643.98,STORE_019
23834,12753,222,2026-01-24,4,1317.16,STORE_002
23835,13353,293,2026-01-24,2,4316.36,STORE_001
23836,11683,785,2026-01-24,3,2423.36,STORE_021
23837,10324,893,2026-01-24,2,640.12,STORE_020
23838,13227,433,2026-01-24,1,2796.18,STORE_023
23839,13204,319,2026-01-24,1,7252.24,STORE_004
23840,13112,104,2026-01-24,5,3972.83,STORE_010
23841,13224,999,2026-01-24,4,6831.29,STORE_010
23842,13781,169,2026-01-24,2,8095.86,STORE_017
23843,14337,56,2026-01-24,4,2421.41,STORE_003
23844,14017,730,2026-01-24,1,3853.0,STORE_004
23845,11395,876,2026-01-24,1,2285.01,STORE_014
23846,10585,701,2026-01-24,2,3928.0,STORE_008
23847,10243,53,2026-01-24,2,9883.12,STORE_009
23848,10778,553,2026-01-24,2,2249.47,STORE_006
23849,11718,491,2026-01-24,3,9378.6,STORE_016
23850,14618,492,2026-01-24,4,4121.21,STORE_024
23851,11147,851,2026-01-24,4,5025.46,STORE_023
23852,13836,148,2026-01-24,5,4091.56,STORE_018
23853,10510,204,2026-01-24,3,1546.44,STORE_006
23854,11028,109,2026-01-24,4,1398.08,STORE_016
23855,10414,304,2026-01-24,5,5524.88,STORE_013
23856,11436,611,2026-01-24,2,1085.31,STORE_005
23857,13832,281,2026-01-24,5,7717.87,STORE_022
23858,12700,114,2026-01-24,5,5913.68,STORE_005
23859,13834,845,2026-01-24,5,389.82,STORE_024
23860,12855,409,2026-01-24,5,2642.43,STORE_023
23861,11383,285,2026-01-24,5,9946.94,STORE_008
23862,11893,339,2026-01-24,4,770.8,STORE_002
23863,11252,406,2026-01-24,5,8490.17,STORE_005
23864,12079,798,2026-01-24,1,2073.72,STORE_023
23865,14949,147,2026-01-24,3,8970.1,STORE_025
23866,11347,369,2026-01-24,4,3474.56,STORE_024
23867,14389,147,2026-01-24,2,7066.94,STORE_012
23868,13308,767,2026-01-24,2,4795.67,STORE_022
23869,11546,923,2026-01-24,4,1128.34,STORE_023
23870,10098,1000,2026-01-24,5,1904.42,STORE_008
23871,14649,84,2026-01-24,4,6984.41,STORE_003
23872,14732,213,2026-01-24,4,433.4,STORE_016
23873,13481,13,2026-01-24,5,4934.78,STORE_010
23874,12381,989,2026-01-24,4,5000.64,STORE_002
23875,10132,120,2026-01-24,3,100.82,STORE_022
23876,11460,762,2026-01-24,1,5145.68,STORE_011
23877,11464,313,2026-01-24,2,4312.0,STORE_021
23878,13607,688,2026-01-24,4,4546.6,STORE_017
23879,10202,584,2026-01-24,1,6501.27,STORE_019
23880,14329,565,2026-01-24,5,3757.74,STORE_011
23881,14338,452,2026-01-24,5,6423.18,STORE_002
23882,10091,154,2026-01-24,3,7168.83,STORE_005
23883,13075,982,2026-01-24,5,7037.64,STORE_008
23884,13224,13,2026-01-24,5,4578.78,STORE_015
23885,10301,569,2026-01-24,5,1386.09,STORE_023
23886,13690,238,2026-01-24,5,434.72,STORE_001
23887,12476,441,2026-01-24,1,1402.02,STORE_008
23888,11853,367,2026-01-24,3,9555.05,STORE_002
23889,13190,960,2026-01-24,5,9471.79,STORE_016
23890,12644,292,2026-01-24,1,391.99,STORE_016
23891,13047,928,2026-01-24,2,4996.42,STORE_021
23892,10455,634,2026-01-24,3,5661.72,STORE_023
23893,14475,387,2026-01-24,2,4033.36,STORE_002
23894,12494,283,2026-01-24,5,7346.33,STORE_007
23895,12017,365,2026-01-24,5,4849.7,STORE_002
23896,12151,214,2026-01-24,4,471.24,STORE_019
23897,11541,199,2026-01-24,5,4227.41,STORE_021
23898,14788,279,2026-01-24,4,5355.16,STORE_001
23899,14157,783,2026-01-24,1,5722.23,STORE_001
23900,12516,544,2026-01-24,3,8100.9,STORE_023
23901,12080,946,2026-01-24,1,9974.88,STORE_020
23902,10080,899,2026-01-24,3,1009.19,STORE_015
23903,14317,726,2026-01-24,1,9599.03,STORE_020
23904,12034,805,2026-01-24,1,9561.86,STORE_010
23905,10895,832,2026-01-24,5,201.82,STORE_012
23906,13310,569,2026-01-24,1,6783.07,STORE_017
23907,14204,375,2026-01-24,4,2571.09,STORE_001
23908,11171,249,2026-01-24,5,8358.4,STORE_014
23909,13215,303,2026-01-24,2,7985.3,STORE_025
23910,12010,901,2026-01-24,5,1187.04,STORE_013
23911,10524,816,2026-01-24,1,6742.78,STORE_012
23912,12455,466,2026-01-24,1,2119.73,STORE_015
23913,12358,367,2026-01-24,2,5806.41,STORE_025
23914,11574,655,2026-01-24,2,8243.56,STORE_012
23915,11671,794,2026-01-24,2,6420.91,STORE_015
23916,13814,305,2026-01-24,2,9234.72,STORE_008
23917,10955,620,2026-01-24,5,1952.02,STORE_013
23918,13709,354,2026-01-24,4,4177.83,STORE_021
23919,10824,99,2026-01-24,5,9840.23,STORE_016
23920,10422,120,2026-01-24,1,6012.83,STORE_023
23921,11553,967,2026-01-24,1,8162.06,STORE_015
23922,11638,599,2026-01-24,1,7027.97,STORE_016
23923,10322,39,2026-01-24,3,9875.71,STORE_020
23924,12530,127,2026-01-24,3,8778.74,STORE_015
23925,14941,176,2026-01-24,2,7901.02,STORE_019
23926,13519,939,2026-01-24,5,2453.88,STORE_001
23927,11353,888,2026-01-24,2,2691.41,STORE_017
23928,14404,296,2026-01-24,4,3078.83,STORE_012
23929,14648,606,2026-01-24,1,3837.69,STORE_023
23930,10240,613,2026-01-24,3,8272.24,STORE_020
23931,10496,408,2026-01-24,5,8287.09,STORE_020
23932,12251,86,2026-01-24,4,4900.25,STORE_008
23933,11206,426,2026-01-24,2,7839.09,STORE_005
23934,13162,860,2026-01-24,2,7040.63,STORE_018
23935,12124,182,2026-01-24,5,9650.16,STORE_021
23936,14410,54,2026-01-24,5,5187.62,STORE_007
23937,12976,182,2026-01-24,2,6650.13,STORE_014
23938,10779,63,2026-01-24,3,9305.09,STORE_002
23939,13423,252,2026-01-24,2,210.51,STORE_012
23940,11796,547,2026-01-24,4,6031.95,STORE_017
23941,10138,382,2026-01-24,5,4188.66,STORE_011
23942,12938,692,2026-01-24,5,5098.54,STORE_025
23943,12217,572,2026-01-24,4,812.61,STORE_024
23944,13818,22,2026-01-24,2,642.82,STORE_024
23945,11688,430,2026-01-24,5,288.94,STORE_013
23946,13754,675,2026-01-24,2,4663.4,STORE_023
23947,13519,987,2026-01-24,5,7618.39,STORE_024
23948,10647,380,2026-01-24,2,3489.53,STORE_020
23949,14628,445,2026-01-24,4,5345.76,STORE_017
23950,12013,148,2026-01-24,3,5344.46,STORE_020
23951,14862,464,2026-01-24,2,4623.86,STORE_004
23952,13580,411,2026-01-24,5,596.35,STORE_005
23953,12495,541,2026-01-24,2,2544.4,STORE_023
23954,11556,367,2026-01-24,4,3542.93,STORE_022
23955,11422,920,2026-01-24,1,1646.68,STORE_024
23956,12020,499,2026-01-24,4,2221.65,STORE_015
23957,10976,627,2026-01-24,3,3831.9,STORE_017
23958,13146,230,2026-01-24,5,8603.9,STORE_015
23959,14303,242,2026-01-24,4,8806.17,STORE_007
23960,14238,522,2026-01-24,5,2432.64,STORE_003
23961,11246,890,2026-01-24,1,5380.38,STORE_002
23962,11019,608,2026-01-24,4,742.96,STORE_025
23963,12978,302,2026-01-24,1,1994.21,STORE_005
23964,12875,814,2026-01-24,5,3336.32,STORE_016
23965,14530,180,2026-01-24,2,8637.74,STORE_010
23966,13659,585,2026-01-24,5,6670.99,STORE_022
23967,10922,287,2026-01-24,5,8094.36,STORE_010
23968,14145,398,2026-01-24,1,570.56,STORE_003
23969,13351,480,2026-01-24,5,992.48,STORE_024
23970,12867,752,2026-01-24,2,5639.57,STORE_008
23971,12746,950,2026-01-24,3,4160.02,STORE_004
23972,12164,74,2026-01-24,4,1713.22,STORE_008
23973,13771,184,2026-01-24,4,5060.95,STORE_025
23974,10602,91,2026-01-24,4,9613.41,STORE_021
23975,11995,994,2026-01-24,4,3886.87,STORE_001
23976,10752,756,2026-01-24,4,145.34,STORE_025
23977,10216,364,2026-01-24,4,6859.77,STORE_002
23978,14675,627,2026-01-24,2,9711.58,STORE_019
23979,14982,383,2026-01-24,2,7434.3,STORE_007
23980,11023,281,2026-01-24,1,5973.81,STORE_010
23981,13799,531,2026-01-24,2,8777.69,STORE_020
23982,14004,500,2026-01-24,2,1552.17,STORE_011
23983,11398,373,2026-01-24,3,9436.65,STORE_015
23984,13556,962,2026-01-24,1,6260.42,STORE_021
23985,12212,428,2026-01-24,5,3372.25,STORE_009
23986,13017,800,2026-01-24,2,3234.47,STORE_018
23987,10414,396,2026-01-24,5,239.32,STORE_022
23988,12221,867,2026-01-24,3,4097.21,STORE_003
23989,11190,888,2026-01-24,1,5021.88,STORE_008
23990,13877,138,2026-01-24,5,4765.74,STORE_025
23991,12402,8,2026-01-24,1,195.27,STORE_024
23992,14032,626,2026-01-24,4,4767.83,STORE_024
23993,12811,794,2026-01-24,1,6312.28,STORE_002
23994,13321,599,2026-01-24,3,8587.65,STORE_011
23995,12700,887,2026-01-24,1,998.44,STORE_001
23996,10331,427,2026-01-24,5,9545.55,STORE_012
23997,12380,366,2026-01-24,5,8241.19,STORE_012
23998,13759,692,2026-01-24,4,9776.86,STORE_004
23999,12102,732,2026-01-24,3,1102.92,STORE_024
24000,14030,353,2026-01-24,5,8234.8,STORE_008
